-- phpMyAdmin SQL Dump
-- version 4.8.5
-- https://www.phpmyadmin.net/
--
-- Host: 127.0.0.1
-- Generation Time: Apr 28, 2019 at 09:41 AM
-- Server version: 10.1.38-MariaDB
-- PHP Version: 7.3.3

SET SQL_MODE = "NO_AUTO_VALUE_ON_ZERO";
SET AUTOCOMMIT = 0;
START TRANSACTION;
SET time_zone = "+00:00";


/*!40101 SET @OLD_CHARACTER_SET_CLIENT=@@CHARACTER_SET_CLIENT */;
/*!40101 SET @OLD_CHARACTER_SET_RESULTS=@@CHARACTER_SET_RESULTS */;
/*!40101 SET @OLD_COLLATION_CONNECTION=@@COLLATION_CONNECTION */;
/*!40101 SET NAMES utf8mb4 */;

--
-- Database: `fekra_1task`
--

-- --------------------------------------------------------

--
-- Table structure for table `favorites`
--

CREATE TABLE `favorites` (
  `id` bigint(20) UNSIGNED NOT NULL,
  `user_id` bigint(20) UNSIGNED NOT NULL,
  `product_id` bigint(20) UNSIGNED NOT NULL,
  `created_at` timestamp NULL DEFAULT NULL,
  `updated_at` timestamp NULL DEFAULT NULL
) ENGINE=InnoDB DEFAULT CHARSET=utf8mb4 COLLATE=utf8mb4_unicode_ci;

--
-- Dumping data for table `favorites`
--

INSERT INTO `favorites` (`id`, `user_id`, `product_id`, `created_at`, `updated_at`) VALUES
(3, 1, 2, '2019-04-28 05:05:59', '2019-04-28 05:05:59'),
(4, 1, 1, '2019-04-28 05:16:17', '2019-04-28 05:16:17'),
(6, 3, 2, '2019-04-28 05:38:26', '2019-04-28 05:38:26');

-- --------------------------------------------------------

--
-- Table structure for table `migrations`
--

CREATE TABLE `migrations` (
  `id` int(10) UNSIGNED NOT NULL,
  `migration` varchar(191) COLLATE utf8mb4_unicode_ci NOT NULL,
  `batch` int(11) NOT NULL
) ENGINE=InnoDB DEFAULT CHARSET=utf8mb4 COLLATE=utf8mb4_unicode_ci;

--
-- Dumping data for table `migrations`
--

INSERT INTO `migrations` (`id`, `migration`, `batch`) VALUES
(57, '2014_10_12_000000_create_users_table', 1),
(58, '2014_10_12_100000_create_password_resets_table', 1),
(59, '2016_06_01_000001_create_oauth_auth_codes_table', 1),
(60, '2016_06_01_000002_create_oauth_access_tokens_table', 1),
(61, '2016_06_01_000003_create_oauth_refresh_tokens_table', 1),
(62, '2016_06_01_000004_create_oauth_clients_table', 1),
(63, '2016_06_01_000005_create_oauth_personal_access_clients_table', 1),
(64, '2019_04_27_130935_add_phone_and_image_and_active_to_users', 1),
(65, '2019_04_27_154037_create_products_table', 1),
(66, '2019_04_28_021228_create_pro_images_table', 1),
(67, '2019_04_28_052541_create_favorites_table', 2);

-- --------------------------------------------------------

--
-- Table structure for table `oauth_access_tokens`
--

CREATE TABLE `oauth_access_tokens` (
  `id` varchar(100) COLLATE utf8mb4_unicode_ci NOT NULL,
  `user_id` int(11) DEFAULT NULL,
  `client_id` int(10) UNSIGNED NOT NULL,
  `name` varchar(191) COLLATE utf8mb4_unicode_ci DEFAULT NULL,
  `scopes` text COLLATE utf8mb4_unicode_ci,
  `revoked` tinyint(1) NOT NULL,
  `created_at` timestamp NULL DEFAULT NULL,
  `updated_at` timestamp NULL DEFAULT NULL,
  `expires_at` datetime DEFAULT NULL
) ENGINE=InnoDB DEFAULT CHARSET=utf8mb4 COLLATE=utf8mb4_unicode_ci;

--
-- Dumping data for table `oauth_access_tokens`
--

INSERT INTO `oauth_access_tokens` (`id`, `user_id`, `client_id`, `name`, `scopes`, `revoked`, `created_at`, `updated_at`, `expires_at`) VALUES
('0624f30a14d40e87c74e783936675b7fdc4e29cc5a5b40f57c562da76342378a445ce22d1a04cf13', 1, 1, 'AppName', '[]', 0, '2019-04-28 01:40:22', '2019-04-28 01:40:22', '2020-04-28 03:40:22'),
('306bbfca3b0496321eff990cd608371552b74d2c376e7fcd4b4fad4f6f70cb7d5ac2c9f4503e1d2a', 1, 1, 'AppName', '[]', 0, '2019-04-28 01:40:19', '2019-04-28 01:40:19', '2020-04-28 03:40:19'),
('7a31009dd22619af0992c1c05045f0ae845e39e16f8267427e2d3fe671253a650d82f90567effc61', 3, 1, 'AppName', '[]', 0, '2019-04-28 05:30:49', '2019-04-28 05:30:49', '2020-04-28 07:30:49'),
('92eed34d5fd8cb430442c82c4ed05f0b5dd0af5a0ba1970e95602a45ca32523b7e64a86d5dce96c4', 1, 1, 'AppName', '[]', 0, '2019-04-28 03:21:08', '2019-04-28 03:21:08', '2020-04-28 05:21:08'),
('c75646f9388cea48fc4689acd8bd559a6fcd084607fafac6e865a39be651517e69951ef849c1d1dd', 2, 1, 'AppName', '[]', 0, '2019-04-28 03:37:27', '2019-04-28 03:37:27', '2020-04-28 05:37:27'),
('c936d29fbf2628f7cbba833bd10b5a12ed617992f1da9b35f25da64b10d172789d9b9a61a6da2132', 3, 1, 'AppName', '[]', 0, '2019-04-28 05:31:15', '2019-04-28 05:31:15', '2020-04-28 07:31:15'),
('ef901f9ac81ade841098954bab273484bfb512162ab7140d8680684e62a702c90ef0487526feed9d', 1, 1, 'AppName', '[]', 0, '2019-04-28 03:54:21', '2019-04-28 03:54:21', '2020-04-28 05:54:21');

-- --------------------------------------------------------

--
-- Table structure for table `oauth_auth_codes`
--

CREATE TABLE `oauth_auth_codes` (
  `id` varchar(100) COLLATE utf8mb4_unicode_ci NOT NULL,
  `user_id` int(11) NOT NULL,
  `client_id` int(10) UNSIGNED NOT NULL,
  `scopes` text COLLATE utf8mb4_unicode_ci,
  `revoked` tinyint(1) NOT NULL,
  `expires_at` datetime DEFAULT NULL
) ENGINE=InnoDB DEFAULT CHARSET=utf8mb4 COLLATE=utf8mb4_unicode_ci;

-- --------------------------------------------------------

--
-- Table structure for table `oauth_clients`
--

CREATE TABLE `oauth_clients` (
  `id` int(10) UNSIGNED NOT NULL,
  `user_id` int(11) DEFAULT NULL,
  `name` varchar(191) COLLATE utf8mb4_unicode_ci NOT NULL,
  `secret` varchar(100) COLLATE utf8mb4_unicode_ci NOT NULL,
  `redirect` text COLLATE utf8mb4_unicode_ci NOT NULL,
  `personal_access_client` tinyint(1) NOT NULL,
  `password_client` tinyint(1) NOT NULL,
  `revoked` tinyint(1) NOT NULL,
  `created_at` timestamp NULL DEFAULT NULL,
  `updated_at` timestamp NULL DEFAULT NULL
) ENGINE=InnoDB DEFAULT CHARSET=utf8mb4 COLLATE=utf8mb4_unicode_ci;

--
-- Dumping data for table `oauth_clients`
--

INSERT INTO `oauth_clients` (`id`, `user_id`, `name`, `secret`, `redirect`, `personal_access_client`, `password_client`, `revoked`, `created_at`, `updated_at`) VALUES
(1, NULL, 'access', 'j3dzloITkXGiN6X0wGsIMjZwx9IfOOLN8oBmwxqR', 'http://localhost', 1, 0, 0, '2019-04-28 01:40:10', '2019-04-28 01:40:10');

-- --------------------------------------------------------

--
-- Table structure for table `oauth_personal_access_clients`
--

CREATE TABLE `oauth_personal_access_clients` (
  `id` int(10) UNSIGNED NOT NULL,
  `client_id` int(10) UNSIGNED NOT NULL,
  `created_at` timestamp NULL DEFAULT NULL,
  `updated_at` timestamp NULL DEFAULT NULL
) ENGINE=InnoDB DEFAULT CHARSET=utf8mb4 COLLATE=utf8mb4_unicode_ci;

--
-- Dumping data for table `oauth_personal_access_clients`
--

INSERT INTO `oauth_personal_access_clients` (`id`, `client_id`, `created_at`, `updated_at`) VALUES
(1, 1, '2019-04-28 01:40:10', '2019-04-28 01:40:10');

-- --------------------------------------------------------

--
-- Table structure for table `oauth_refresh_tokens`
--

CREATE TABLE `oauth_refresh_tokens` (
  `id` varchar(100) COLLATE utf8mb4_unicode_ci NOT NULL,
  `access_token_id` varchar(100) COLLATE utf8mb4_unicode_ci NOT NULL,
  `revoked` tinyint(1) NOT NULL,
  `expires_at` datetime DEFAULT NULL
) ENGINE=InnoDB DEFAULT CHARSET=utf8mb4 COLLATE=utf8mb4_unicode_ci;

-- --------------------------------------------------------

--
-- Table structure for table `password_resets`
--

CREATE TABLE `password_resets` (
  `email` varchar(191) COLLATE utf8mb4_unicode_ci NOT NULL,
  `token` varchar(191) COLLATE utf8mb4_unicode_ci NOT NULL,
  `created_at` timestamp NULL DEFAULT NULL
) ENGINE=InnoDB DEFAULT CHARSET=utf8mb4 COLLATE=utf8mb4_unicode_ci;

-- --------------------------------------------------------

--
-- Table structure for table `products`
--

CREATE TABLE `products` (
  `id` bigint(20) UNSIGNED NOT NULL,
  `title` varchar(191) COLLATE utf8mb4_unicode_ci NOT NULL,
  `desc` text COLLATE utf8mb4_unicode_ci NOT NULL,
  `images` text COLLATE utf8mb4_unicode_ci NOT NULL,
  `user_id` bigint(20) UNSIGNED NOT NULL,
  `created_at` timestamp NULL DEFAULT NULL,
  `updated_at` timestamp NULL DEFAULT NULL
) ENGINE=InnoDB DEFAULT CHARSET=utf8mb4 COLLATE=utf8mb4_unicode_ci;

--
-- Dumping data for table `products`
--

INSERT INTO `products` (`id`, `title`, `desc`, `images`, `user_id`, `created_at`, `updated_at`) VALUES
(1, 'product for test images table', 'product for test images table description', '1556423870.jpg;1556423870.jpg;1556423870.jpg;1556423870.jpg;1556423870.jpg', 1, '2019-04-28 01:57:51', '2019-04-28 01:57:51'),
(2, 'product for test update1', 'product for test update description', '1556423938.jpg;1556423938.jpg;1556423938.jpg;1556423938.jpg;1556423938.jpg', 2, '2019-04-28 01:58:58', '2019-04-28 03:20:02'),
(3, 'updated product 1', 'updated product description', '1556423972.jpg;1556423972.jpg;1556423972.jpg;1556423972.jpg;1556423972.jpg', 1, '2019-04-28 01:59:32', '2019-04-28 03:23:46');

-- --------------------------------------------------------

--
-- Table structure for table `pro_images`
--

CREATE TABLE `pro_images` (
  `id` bigint(20) UNSIGNED NOT NULL,
  `product_id` bigint(20) UNSIGNED NOT NULL,
  `image` varchar(191) COLLATE utf8mb4_unicode_ci NOT NULL,
  `created_at` timestamp NULL DEFAULT NULL,
  `updated_at` timestamp NULL DEFAULT NULL
) ENGINE=InnoDB DEFAULT CHARSET=utf8mb4 COLLATE=utf8mb4_unicode_ci;

--
-- Dumping data for table `pro_images`
--

INSERT INTO `pro_images` (`id`, `product_id`, `image`, `created_at`, `updated_at`) VALUES
(2, 1, '1556423871.jpg', '2019-04-28 01:57:51', '2019-04-28 01:57:51'),
(3, 1, '1556423871.jpg', '2019-04-28 01:57:51', '2019-04-28 01:57:51'),
(4, 1, '1556423871.jpg', '2019-04-28 01:57:51', '2019-04-28 01:57:51'),
(5, 1, '1556423871.jpg', '2019-04-28 01:57:51', '2019-04-28 01:57:51'),
(6, 1, '1556423871.jpg', '2019-04-28 01:57:51', '2019-04-28 01:57:51'),
(7, 2, '1556423938.jpg', '2019-04-28 01:58:58', '2019-04-28 01:58:58'),
(8, 2, '1556423938.jpg', '2019-04-28 01:58:58', '2019-04-28 01:58:58'),
(9, 2, '1556423938.jpg', '2019-04-28 01:58:58', '2019-04-28 01:58:58'),
(10, 2, '1556423938.jpg', '2019-04-28 01:58:58', '2019-04-28 01:58:58'),
(11, 2, '1556423939.jpg', '2019-04-28 01:58:59', '2019-04-28 01:58:59'),
(12, 3, '1556423973.jpg', '2019-04-28 01:59:33', '2019-04-28 01:59:33'),
(13, 3, '1556423973.jpg', '2019-04-28 01:59:33', '2019-04-28 01:59:33'),
(14, 3, '1556423973.jpg', '2019-04-28 01:59:33', '2019-04-28 01:59:33'),
(15, 3, '1556423973.jpg', '2019-04-28 01:59:33', '2019-04-28 01:59:33'),
(16, 3, '1556423973.jpg', '2019-04-28 01:59:33', '2019-04-28 01:59:33');

-- --------------------------------------------------------

--
-- Table structure for table `users`
--

CREATE TABLE `users` (
  `id` bigint(20) UNSIGNED NOT NULL,
  `name` varchar(191) COLLATE utf8mb4_unicode_ci NOT NULL,
  `email` varchar(191) COLLATE utf8mb4_unicode_ci NOT NULL,
  `email_verified_at` timestamp NULL DEFAULT NULL,
  `password` varchar(191) COLLATE utf8mb4_unicode_ci NOT NULL,
  `remember_token` varchar(100) COLLATE utf8mb4_unicode_ci DEFAULT NULL,
  `created_at` timestamp NULL DEFAULT NULL,
  `updated_at` timestamp NULL DEFAULT NULL,
  `phone` varchar(191) COLLATE utf8mb4_unicode_ci DEFAULT NULL,
  `image` blob,
  `active` tinyint(4) NOT NULL DEFAULT '0'
) ENGINE=InnoDB DEFAULT CHARSET=utf8mb4 COLLATE=utf8mb4_unicode_ci;

--
-- Dumping data for table `users`
--

INSERT INTO `users` (`id`, `name`, `email`, `email_verified_at`, `password`, `remember_token`, `created_at`, `updated_at`, `phone`, `image`, `active`) VALUES
(1, 'Ebtisam', 'ebtisam@gmail.com', NULL, '$2y$10$A3xFjKQbJcZbB9fcCMQrnudcFal7inPn3nJcDE0GjS3ekMdUz88Se', NULL, '2019-04-28 01:40:19', '2019-04-28 01:40:19', '01061213455', 0x2f396a2f34414151536b5a4a5267414241514141415141424141442f3277434541416b4742784954456849534568495646684956474263584678595845685558465259584678595747425556467867594853676747426f6d47786358495445684a536b724c6934754678387a4f444d744f4367744c79734243676f4b4467304f4678415146793064487955744c5330744c5330744c5330744c5330744c5330744c5330744b7930744c5373744c5330744c5373744c5330744c5373724c5330724c5330744c5330744c5330744c662f4141424549414f414134514d4249674143455145444551482f784141634141414242414d4241414141414141414141414141414141415151464267494442776a2f7841424345414142417749434277514743415544425145414141414241414944424245684d515547456b465259584554496f4752427a4a435571477846434e69636f4c423066417a51354b693451676b6378555755374c7877762f454142674241514542415145414141414141414141414141414141414241674d452f3851414878454241514143417745414177454141414141414141414141454345514d684d524954515645792f396f4144414d4241414952417845415077447269457146475349536f5149684b68416945714543495370484541584f41514345786c306d334a67767a79482b5577724e4975614e71535273624f4a63474e4869663157626b756b366b4a41336a7a5850367658656961646e366148754f466f7a4a4b5430374d4736542f75696d594335374b6b4e48744769715133726373543676385835644144776369504e5a4c6e4550704330573741564948574759664859737072527574734d6d454652464a396e74477564355875452b76374453326f55513354447437423458487a547944535562734c374a344f772b4f53737969614f304a554b6f5243564342454a554945516c51675243564342454a554946736979454b41736979454943794c4951674c4973684e3632724562626e456e4963542b696243315653324d58643444655657744f36635a457a745a33374c4c674e594c6c7a6e4831574d614d587650443542624b6956354f305158794f77613349654a396c6f336e79424a414f4e446f507639764b65306d74594f745a73626437496d2b794f4a7a64764f41417862747552574a704e4c56592f323757554d4a79644c3336676a6a73674552394d2b61783058364e6f584f3753736c6b713566656b65384e4851625731357550514b2f774459324365556c4d41416d31306974443676515537625151787838646c6f425056325a3853704c364d56494e6a57585a6f4b76705456756d6d76327450452f6d364e70506e613456546e3946656a6e6b3979566c38746d556b446f48687936692b4a4d337732494b75366163345a714e5755754e44704239682f4a7157397047655678366f364e767a546948574e38626846704744364d346d7a5a6d75323657512f386e38732f5a6435726f7a34516d4e5a516877494942424669434c676a6751637770652f5453507036703750564e3238446950446770656b716d764747423367352f3543717a4e446d6e2f675952337868635432592f346a6e46393064336b4c3354324639374f467766496738436d394a59736c6b57544f6a7274727575776438442f6c504676624667736979454943794c4951674c4973684341736b536f514b685a4951596f575345474b466b6842716d6b44576c7879474b72376e4f6b65584f38427747344a357053666164734431576e486d372f4378676a334c4e626b6261536e75704178324379703437425a7555614e484e75515046534555615a7859764b6b324e5149416c7373676c56306a4174577038595468596b49624e324e77736773576473566b516d6c523952544171467149433033566e653152395a4463465377516a7352634b57305a5637593258657533506d4f4b6870326c70537879467061397537483951564a307a597371456b4d6f63304f4752576132777851736b4b6a46437951677851736b49424356436f524356434245323068556244435236787748586a345a70315a51476b4a2b306b73505662674f75382f766770566b5955374e366b614f50464e5977704b6d4672446a69734f68367869776b616e4441734a5171492b6c50655056536f5550544f78544c5662545062564f6c4953363567714741432f71734e504541503632534871536b4b733645674b5656416b4b56434442794c4a48384f4b55464269344a72564e337034516d7a38334e50554b56554c577841714f6946695771586d475955584c6734465150384151303969597a6b635231336a382f41715856624c697877634d77622f414f465a476b45416a49346a6f636c72466a4b4243564330795243564342454a557142624973684362425a466b4954595a3656714f7a6a4a487248756a71642f6c6451564b334c71453430374e74536867795950696354384c4a4b594c46626b4f6f47334b65557272764a544f4a325a354a786f374e52704d4e574d6f7753734b787161686a4148504e6d3754473350765065316a423475634234725349654d324b3550364f3950466d734f6b496e6e75314d74517a3863556a6e522f7742676550454b38366a61582b6c554e4e4f5464785947762b2b773744723953322f69754b61337a506f644e7a544d42326d54746e417932672f5a6b4936486163337a534665705373676d476a61396b384c4a5933585a49304f61654c584334506b55346a6c75422b386436696e43533631396f7354496d3030593659306b3245776c3371766c5a46652b5266634d36336673742f457047504c6f53714e36564334364f71584d4e6e78686b72534d7759704753412f3271323644726d7a77787a4e3957526a486a6f396763506d67656c4d366f3467703238706a556c4b707257353334714b6e436b366733614648537144574464764d594b59304c4a654f33756b6a777a487a2b4368575964446834715130432b7a3374346748794e6a3831597a6b6d724973684332774c4973684362425a43454a734b684b684169516d324a794379545054456d7a424b6673322f713776356f52585748613270446d39782f552f4e7165776a382f67744262595274344d425056313366496a79546d6e7a50526333526d5056546e5235784b776448334c382f79574e473776424654546e57737566656d37543570714b417378633670684e7549685062662b7a47656176576b48577375476636676130756652525839567372795076466a5166374374592b70577a3046366162656f6f695461356d69766e736d7a4a42313951322b38714a725a70483653324a3872763933542f7743336d427a6c61787a757a6d484632625864476e6562526567712b536c6e69714976586a64634463526b357035467049505650646378452b706655516677616e3634446578377634736275446d7962574841744f5243312b30645639412b744f31432b686b64336f72766a76766a6363522b4678386e6a677571736c73346a6a69507a586b6251576b5a6161654f65493266473634344f47546d6e6b52634871765332722b6e343675474f654d34484d48316d4f48724d647a4878466a76574d6f737130647173544b6d596e757358544b4b694e636f2b30704b714d5a75686c614f706a6462347173656a66575473354e4755377a5a74545242677638412b53427a757a3658615a427a4f79725858753267527842486d46352b3168726e777430513568744a4454736c61654475326539702f7443754b5636726d636d457a6c68513653625042464f7a315a593253446f396f6462714c323846726c636f725849374170684d354f4a48706d374532554755574c58446f747569354c544d5047345069442b5943623035784b774d757935727544676649677177713449533251756a6b5243564342456979516756434c4973696852756e7865494e393937472b62722f6b704b796a4e4f763252433435435a685067484b587859697169514757516a4c6149485275412b53323070377a6c4730722b4b66556a75383771734e70594e764830785452687334645538704859414c57324142396a6c592b566b445457545454595a714f4532765579505a666873785063504e2b7750466359394e6b522b6e516b356652326764524c4e663568546670356c6b624a6f783748576578307a6d75344f615943313358433662656b53614f766f364f766949326d37625873396f4337424a68764448374976776b4279577047613567324a597669556b496d385366414470764b776b6a48443472624b4d624869726471687032536b66744e4264473743535063346352776342664871717936533344774679707a566a516c56584f654b614a7a7733313548754449326d32414c6a7635414571565936646f7258474e72327853762b706b2f6754757747363845392f556c6263433577634330337878745a6e5843744f367556314c7462634c396a44616447524a48686943646e4670474e69514c59385537314531366643356c505550327163344e65633462355937342b5279336346697a666a586e7273626e34727a7a72785542395a49316e7151374d444d4e305144443575446a3472304746357530706438307a78694853534f77494f626962387330774b377036464e4d64726f34524539366e65356d654f773776735054764f483456645a587268336f54306759367957456d776c694a74764c3479435037544975797953706c367345723168434d516633682f38415173486e432f4f33775377484d724951594679613178775468727237584f365a7a4f75776f4c726f3262626969647861322f57316a385535555271704a74557a50736c7a663769666b517065793654787a73434557525a5543524c5a4342554a6249736752524f744c663841626b38484e5078742b616c374b4331786b744331767650486b41342f4f796d58697a3141556a7351742b6a616f4f632b3373764c664b3336706a53507848554a70713750395a4f336934752b4a422f4a6374756d6c31706e703237647843694b65584a535433342b43306a6b76703361342f52375a743777767546797835383378447843357451316268452b422b4d626e435274686979566f4c6473636e4e4a6134634c483251756d2b6c61746a6c4c324f7764535061795465666f31584647577a67623969634d774739726665584c32784f613473634f3844596a387764344f594f384546644a347857324b496e393257556b5463622b714d79642f774367573450414765475a4f342f3443763841364f39517670477856316a50716348517775483854684a495064344e33356c4c64456d304e715836503561375a6c6c326f61504d59576b6d483250645a3972667534727456425151303049686859324f4e67377251504d387a7a4b6532734c4463717a58313153325354626a6132416a3674774e3337514e6e62573441673346754236446c6c6c703334384e39526c545658316876764e696d2b6c74514e4856643353303461382b334754472f71646e423369436f72514e573937774a41412f6264674d746d3178666e75505258756e7958506a79323663754f7270566d367479774e4459707530613245524e3754427863306e736e4f634d4d41375a4f474f42354c694f6c505239704b432b31537565306531455249447a733376447843394e4f54643558543630342f4d65623951343559744a5576614d657a764f466e4e63334f4a376434344c755a656e4f6c4e6b4e4c6942635a47324b6a584f772b436e31394678306475503159356d365461734c4a4a485a44635079795774373157575562732b695937574248454c65312b6651706f446946466b576655682f3155673453583832742f52574e5666555534546a6d772b59642b69744e6c31783863387653495332525a5643495332536f465168434946564e63486c7a324d614364687065363234456758506c3856613031686f576a7443653836543179643474594e354e417773706c4e394e593254747a396d436936562f5a3152766b584f62344f4f48354b64306a526d4b527a4475795046707950373446514f6c6f3775326879423667596643336b7650656e706b57616a714c6a484d58423667325078436c7a50367034674b6f365071726d2f765a386e74466a3574415067564d5231474135666e2b2f69747975646d6e492f5458745236536249306c766155374d52764633736330385259574935716e775642496143626759432b4e68774841663558557654506f677a553846537a46304a6331773473643376687375506956794f6e63347561786f7537757461426a647a724141654a58615863633748526652727176394f6e323542656c67494c78756b6b774c5975626437764162797538674b44314b3049326a6f3461636573426435393652324c7a3571626536777575647532354e644654577570524a5a6a67646b37782b71724f7357757259653748464b38324e35444649496d645842703276776739516f696d317561573766384131536d47316d33734a634f56693848784b7a653353593264725844514d6a75474e4135377a314b6c595056436f57694e66594853396a4e497a6c4d774f374967652b48597839626b637772354538466f4c546363526b566e576c757849394e5a7046746c4b5a536c5a744a44657349497833592f6f712f48576263726d7439534d6870504635416352304453332b6f38464936637178484539377656614c6e69346b326178764e7a694234716e61476e6c4c346d75325739347566736b6b7663346b6d3549466d334f514734433973354e74575439726b483572573579573246316741756a6a4978766d74524749367266737249515842667561515045676e354e2b4b7a74725363314a5a62747a397a2f7744617443676455597252794f34757435442f41437035643850484450384130454951744d684345494243454942434549494857756d326845345a37577866372b562b56783856554e49304c67313772454f5a6849772b376b4857354866396f466447726159534d63773442777a336735676a6f624a764a52646f474f65414a5769784e7267376e4e504668787735726c6c68757575504a716163727035537733336278307938564f7753687744686b55353070717473544e736251534f325137507333757673746478627457462b66484f4b68612b4756304c786a74624a47654f346a69446835686374574f3357523957513970432b4d2b31674f54686933346933516c636b30426f4c73744c306f634c5247516c74397a6d687845663367344377364c727a3479356a3274396131323862744e77715270682b32646f7447306657497964774e747857706b6c7864647035553642584f4e56646248414e6a716a59456c724a7a367073624e5a4b665a63634c4f794f2b787a3644444974537332614a58576342634b6f615a31596f5a695365342f66736e5a766a6a657846384664587344685970685071394737453766395a2f4e544b572b4f76487966503763523137724a3947314e4f614e345a46326477477459574f65486e62447869485962476646572f553330737756477a44574274504e6b484443422f6966345a3548446e755669316d31457036754230524a612f4e7238435775334665644e4c364a6b707044464f30744f6258624c67484e334f41494273664d4c65456d553158506c7a74792b6e715761564d70483358434e574e6461796861317276727162437a484f395562757a646d3370596a6b72785661786d72594f7a75326e6475754e75516277363371742b794d39357a43355a34584672444b55363037704c3651384e596277786d344f36522b4932687859415342784a4a334e4b31614d6a2b746a367247474e53656959514a41343773755a4f4148782b437a4671626e474143317874783843746b6d4a576c722f724e6b626d6b6e78494148784b31616b78624c4b525a53336964376b625335783936567747483452736a773572445264435a58374f5452693438754855713079556a64687362525a6c323348494861506e61336972686a76746e6b79313078305254396e4378707a7463395469666e627754784346364a4e523537643049516845434549514345495143454951434549516136694672326c6a6864707750366a6e76565931763064395a44554e39356a482f77425863642b586b72577456524148744c585a47336d43434435674b5a5463617879315664316c707579634a326a75453266623253636e64446b65665655485757684c6672514f343858424871334c6e6a3437424e75646c312b737032794d66473746726751664866314766676d306d69496e51436e6533616a32417a67634e344f34337836724634393176486b363763756d304f57533145477a646d30484e4672677879527363427a46396f6543783054702b5369505a7644704b6347327a6e4a435073583964673930346a63636d7178306b384c717965474f587454545255384d6a72596837544e676478634737494a472b2f43774e4e36764e6d4f303375757469625a384679754e6c756e5847797a744f364d3076484b77535250613968794950444d486544794f49556b2b74466c7879706f353657556c6a6e527963573474654e3230303450485845626945362f3773724c57324943666576494231324d664c61552f49332b4f56306970726d67456b6741596b6b324148456b354c6c3276326d4b61716149325269556a2b6152614d5965776657656559734d38546b6d4e64504c4f627a79462b384e747378742b367759654c726e6d6d7270344266626c595078416e79436b7933656979534b445054374570696436703958415a6b5742553171507044596b64547679646374767563505748694d66424e74614a59704330784f44694c3435644d374b4c644f57765a4930326b615775765945625462472f416934794b39556e316a323831767a6c754f347a614d664648452b54417937526133326730624e6e4868652b584a4f64463035763268486462674439713258674438516c316331676930792b4f516b4d4d4d5465326832752b58334f31326252636c684e75384d6752765672704e5833454e446a734d47546333596d354a33416d36345843373664706e4e646f4765594d467a344469654330364c6a636275497535357735384c654a2b536c4b76516e6156585a59694f4e6d30353332584678623150732f6855396f6a52495934794f7a7832516258614f4a746865323763704f4f32726553534865693649524d41396f3475505068304365495176544a7035626439684345496751684341516843415168434151684341516843415168434151684e362b746a686a664c4d3972496d43376e4f4e67422b3979447a6537543874447053756b68414f315656445878754e6d7974457a7942663258692b423537385630625176704e30664d414a4a44547948325a576b4e384a473361527a4e6c78585331514a355a35762f41437979536762774a486259422f712b61695a70484e4f65474742784747576535533479747932505446632b6c7134374d6d69667661356b6a485750675653716e52726d4f49506e7858475750427a593377754e3939785467796d33745734626276312f646c7979345a5854486c736444316b63316b4c6d37514433324148494546784934577738624b68736e6665323148687649746c78754c70692b557475305944667a5048393854785731382b3359355341577675642b682b61363865487a474d3876716e723254635765482f786158766b48724565625530376432342b48364c5339354f61364f656b31716c7071616c7271656548475272774e6d3967384f4f7935685041676b58335a376c36333066574d6d6a5a4b77393134754f49334670473467334247346772786547756273767846385775784679446d3038516543373336424e4d532f5233777a754a592b5352384c6e45334a4144706d334f6479584f2f44497331644f73736941633577474c725850515748373572596f725275736c46554f4c594b75435277396c6b7a484f3867626b63314b71494549516745495167454951674549516745495167454954657672596f5933537a534e6a6a6269353733427252346c41345345726b4f7450707a676a4a5a51776d5a772f6d79585a466669316e725048585a584b645a2f53427043754262504f52456635555932492f454446333469555854756d7448706330665350374e6d31557648726469576c6a4f4e35436245386866775671315a316b7071366e46525476757a4a774f446f33444e6b67396b6a794f59754635446f686d6e464247433537546133416c3279625a643174726e504d716a306a7256365536476c326f346e6653716a4730634a75304837636775316f766e61354842635431753170724e4a4f3270332f564e506367694e6f6d5959467a6a673532654a4a4f4277436a6d774d4174733335577333416e32526e6837784b617a564c74734e7433664c44674f434443467849646357733677463767414e4141343557544f74617435666a6665536645594e2b6253746459635042464d597a696e615a72615a63454345456e6d6c417668762b61314232385a72614a4c35357177617968624a42657a68767a367275656f4f67744551614b70367253634d41664958642b55456c776335356a46736233594c355a4a52524b615371307979686f4b656e6248485273732b51456c754941644b3832477a665a4a4452636b6b3537724e72746f356b54614452464d5348504932694c62516a41634876634237784d6a6a3931775667307836567147474d5575683662747054647362493448527767376947414230683541432f4662745464537032506b7239494862723578367542454c534233634d4e7131686867414c4465735659347456554259353062323266473474493445627879336a6b516e44645961396f44573131553167774452557967446b4f3967466476536c6f4978752b6c78747662757a41634236736e686b655675436f4241634e70717375347a5a7049552b744f6b57454f466656584847706b63504a7849506b72687137365961324568745731745448766341324f594469433062447263434266697565784d756c66465a556571395864505539624332656d65484d4f4247546d4f7343575062374c68635963776369464a727978715672644c6f3270375a674c6f6e32624e483737426b527765323549504d6a497230376f32766a6e696a6e68634852534e446d4f47384835486352754b6764495168454345495143454951614b36726a686a664c4b344e6a6a61584f6363673043354b3874656b44586566536b35784c615a6a6a324d573444495066624e35472f6465773539472f314436794673634f6a32484754363257783968707445303869344f642b427134396f366e5655336a6f5356706d7069307178694f79625638514c5530625231457a4170764137456b6355357959354e6d5a4242497761514977634c6850544c45593375467738326133504d32756564734d4f61686d745470754779506447312b4c326352666638412b71446655364e5a66754f4747474673625a6e6e6a765447716f335a58756c444c49444475515237326b4778574b6c70615461413472542f414e4e5046464d6f6f693432436552514d42377876386b346970793047793039676436496355544b63534e32376d4d7547303349572b6472353872726f4f697078705776706f6e737651556c3350613634613978466732334f7a51427744754b35763249567a3144302b4969495859574e326e3372376966652b597373332b7452364930486f536b7078656d70345972356d4f4e725365704175664650717075474766486830554a717a704d50614d627177536934535863504b704f6d715a7267357041494e77516369446d43764f2b6e4b4d3064564a442f4c76646e33446c35596a77587066544542475974646348394c6c4c61574b53325963776e70596a3575557839576f46746a336d354c6138594b436f717773504a54544a5134584258526847316136392f7037316b4e357448766463414761472b3745435667355974634239356366724d4469704455725450304f76706169396d736b41662f7875376b6e3972696f5058694567537149454951672f2f396b3d, 1),
(2, 'Ebtisam', 'ebtisam2@gmail.com', NULL, '$2y$10$2fI/K8N1XMSnI88oYEV6sekHx.lbPv4BjIiZBX/dIs19fleS4t.TG', NULL, '2019-04-28 03:37:26', '2019-04-28 03:37:26', '01061213455', 0x2f396a2f34414151536b5a4a5267414241514141415141424141442f3277434541416b4742784954456849534568495646684956474263584678595845685558465259584678595747425556467867594853676747426f6d47786358495445684a536b724c6934754678387a4f444d744f4367744c79734243676f4b4467304f4678415146793064487955744c5330744c5330744c5330744c5330744c5330744c5330744b7930744c5373744c5330744c5373744c5330744c5373724c5330724c5330744c5330744c5330744c662f4141424549414f414134514d4249674143455145444551482f784141634141414242414d4241414141414141414141414141414141415151464267494442776a2f7841424345414142417749434277514743415544425145414141414241414944424245684d515547456b465259584554496f4752427a4a435571477846434e69636f4c423066417a51354b693451676b6378555755374c7877762f454142674241514542415145414141414141414141414141414141414241674d452f3851414878454241514143417745414177454141414141414141414141454345514d684d524954515645792f396f4144414d4241414952417845415077447269457146475349536f5149684b68416945714543495370484541584f41514345786c306d334a67767a79482b5577724e4975614e71535273624f4a63474e4869663157626b756b366b4a41336a7a5850367658656961646e366148754f466f7a4a4b5430374d4736542f75696d594335374b6b4e48744769715133726373543676385835644144776369504e5a4c6e4550704330573741564948574759664859737072527574734d6d454652464a396e74477564355875452b76374453326f55513354447437423458487a547944535562734c374a344f772b4f53737969614f304a554b6f5243564342454a554945516c51675243564342454a554946736979454b41736979454943794c4951674c4973684e3632724562626e456e4963542b696243315653324d58643444655657744f36635a457a745a33374c4c674e594c6c7a6e4831574d614d587650443542624b6956354f305158794f77613349654a396c6f336e79424a414f4e446f507639764b65306d74594f745a73626437496d2b794f4a7a64764f41417862747552574a704e4c56592f323757554d4a79644c3336676a6a73674552394d2b61783058364e6f584f3753736c6b713566656b65384e4851625731357550514b2f774459324365556c4d41416d31306974443676515537625151787838646c6f425056325a3853704c364d56494e6a57585a6f4b76705456756d6d76327450452f6d364e70506e613456546e3946656a6e6b3979566c38746d556b446f48687936692b4a4d337732494b75366163345a714e5755754e44704239682f4a7157397047655678366f364e767a546948574e38626846704744364d346d7a5a6d75323657512f386e38732f5a6435726f7a34516d4e5a516877494942424669434c676a6751637770652f5453507036703750564e3238446950446770656b716d764747423367352f3543717a4e446d6e2f675952337868635432592f346a6e46393064336b4c3354324639374f467766496738436d394a59736c6b57544f6a7274727575776438442f6c504676624667736979454943794c4951674c4973684341736b536f514b685a4951596f575345474b466b6842716d6b44576c7879474b72376e4f6b65584f38427747344a357053666164734431576e486d372f4378676a334c4e626b6261536e75704178324379703437425a7555614e484e75515046534555615a7859764b6b324e5149416c7373676c56306a4174577038595468596b49624e324e77736773576473566b516d6c523952544171467149433033566e653152395a4463465377516a7352634b57305a5637593258657533506d4f4b6870326c70537879467061397537483951564a307a597371456b4d6f63304f4752576132777851736b4b6a46437951677851736b49424356436f524356434245323068556244435236787748586a345a70315a51476b4a2b306b73505662674f75382f766770566b5955374e366b614f50464e5977704b6d4672446a69734f68367869776b616e4441734a5171492b6c50655056536f5550544f78544c5662545062564f6c4953363567714741432f71734e504541503632534871536b4b733645674b5656416b4b56434442794c4a48384f4b55464269344a72564e337034516d7a38334e50554b56554c577841714f6946695771586d475955584c6734465150384151303969597a6b635231336a382f41715856624c697877634d77622f414f465a476b45416a49346a6f636c72466a4b4243564330795243564342454a557142624973684362425a466b4954595a3656714f7a6a4a487248756a71642f6c6451564b334c71453430374e74536867795950696354384c4a4b594c46626b4f6f47334b65557272764a544f4a325a354a786f374e52704d4e574d6f7753734b787161686a4148504e6d3754473350765065316a423475634234725349654d324b3550364f3950466d734f6b496e6e75314d74517a3863556a6e522f7742676550454b38366a61582b6c554e4e4f5464785947762b2b773744723953322f69754b61337a506f644e7a544d42326d54746e417932672f5a6b4936486163337a534665705373676d476a61396b384c4a5933585a49304f61654c584334506b55346a6c75422b386436696e43533631396f7354496d3030593659306b3245776c3371766c5a46652b5266634d36336673742f457047504c6f53714e36564334364f71584d4e6e78686b72534d7759704753412f3271323644726d7a77787a4e3957526a486a6f396763506d67656c4d366f3467703238706a556c4b707257353334714b6e436b366733614648537144574464764d594b59304c4a654f33756b6a777a487a2b4368575964446834715130432b7a3374346748794e6a3831597a6b6d724973684332774c4973684362425a43454a734b684b684169516d324a794379545054456d7a424b6673322f713776356f52585748613270446d39782f552f4e7165776a382f67744262595274344d425056313366496a79546d6e7a50526333526d5056546e5235784b776448334c382f79574e473776424654546e57737566656d37543570714b417378633670684e7549685062662b7a47656176576b48577375476636676130756652525839567372795076466a5166374374592b70577a3046366162656f6f695461356d69766e736d7a4a42313951322b38714a725a70483653324a3872763933542f7743336d427a6c61787a757a6d484632625864476e6562526567712b536c6e69714976586a64634463526b357035467049505650646378452b706655516677616e3634446578377634736275446d7962574841744f5243312b30645639412b744f31432b686b64336f72766a76766a6363522b4678386e6a677571736c73346a6a69507a586b6251576b5a6161654f65493266473634344f47546d6e6b52634871765332722b6e343675474f654d34484d48316d4f48724d647a4878466a76574d6f737130647173544b6d596e757358544b4b694e636f2b30704b714d5a75686c614f706a6462347173656a66575473354e4755377a5a74545242677638412b53427a757a3658615a427a4f79725858753267527842486d46352b3168726e777430513568744a4454736c61654475326539702f7443754b5636726d636d457a6c68513653625042464f7a315a593253446f396f6462714c323846726c636f725849374170684d354f4a48706d374532554755574c58446f747569354c544d5047345069442b5943623035784b774d757935727544676649677177713449533251756a6b5243564342456979516756434c4973696852756e7865494e393937472b62722f6b704b796a4e4f763252433435435a685067484b587859697169514757516a4c6149485275412b53323070377a6c4730722b4b66556a75383771734e70594e764830785452687334645538704859414c57324142396a6c592b566b445457545454595a714f4532765579505a666873785063504e2b7750466359394e6b522b6e516b356652326764524c4e663568546670356c6b624a6f783748576578307a6d75344f615943313358433662656b53614f766f364f766949326d37625873396f4337424a68764448374976776b4279577047613567324a597669556b496d385366414470764b776b6a48443472624b4d624869726471687032536b66744e4264473743535063346352776342664871717936533344774679707a566a516c56584f654b614a7a7733313548754449326d32414c6a7635414571565936646f7258474e72327853762b706b2f6754757747363845392f556c6263433577634330337878745a6e5843744f367556314c7462634c396a44616447524a48686943646e4670474e69514c59385537314531366643356c505550327163344e65633462355937342b5279336346697a666a586e7273626e34727a7a72785542395a49316e7151374d444d4e305144443575446a3472304746357530706438307a78694853534f77494f626962387330774b377036464e4d64726f34524539366e65356d654f773776735054764f483456645a587268336f54306759367957456d776c694a74764c3479435037544975797953706c367345723168434d516633682f38415173486e432f4f33775377484d724951594679613178775468727237584f365a7a4f75776f4c726f3262626969647861322f57316a385535555271704a74557a50736c7a663769666b517065793654787a73434557525a5543524c5a4342554a6249736752524f744c663841626b38484e5078742b616c374b4331786b744331767650486b41342f4f796d58697a3141556a7351742b6a616f4f632b3373764c664b3336706a53507848554a70713750395a4f336934752b4a422f4a6374756d6c31706e703237647843694b65584a535433342b43306a6b76703361342f52375a743777767546797835383378447843357451316268452b422b4d626e435274686979566f4c6473636e4e4a6134634c483251756d2b6c61746a6c4c324f7764535061795465666f31584647577a67623969634d774739726665584c32784f613473634f3844596a387764344f594f384546644a347857324b496e393257556b5463622b714d79642f774367573450414765475a4f342f3443763841364f39517670477856316a50716348517775483854684a495064344e33356c4c64456d304e715836503561375a6c6c326f61504d59576b6d483250645a3972667534727456425151303049686859324f4e67377251504d387a7a4b6532734c4463717a58313153325354626a6132416a3674774e3337514e6e62573441673346754236446c6c6c703334384e39526c545658316876764e696d2b6c74514e4856643353303461382b334754472f71646e423369436f72514e573937774a41412f6264674d746d3178666e75505258756e7958506a79323663754f7270566d367479774e4459707530613245524e3754427863306e736e4f634d4d41375a4f474f42354c694f6c505239704b432b31537565306531455249447a733376447843394e4f54643558543630342f4d65623951343559744a5576614d657a764f466e4e63334f4a376434344c755a656e4f6c4e6b4e4c6942635a47324b6a584f772b436e31394678306475503159356d365461734c4a4a485a44635079795774373157575562732b695937574248454c65312b6651706f446946466b576655682f3155673453583832742f52574e5666555534546a6d772b59642b69744e6c31783863387653495332525a5643495332536f465168434946564e63486c7a324d614364687065363234456758506c3856613031686f576a7443653836543179643474594e354e417773706c4e394e593254747a396d436936562f5a3152766b584f62344f4f48354b64306a526d4b527a4475795046707950373446514f6c6f3775326879423667596643336b7650656e706b57616a714c6a484d58423667325078436c7a50367034674b6f365071726d2f765a386e74466a3574415067564d5231474135666e2b2f69747975646d6e492f5458745236536249306c766155374d52764633736330385259574935716e775642496143626759432b4e68774841663558557654506f677a553846537a46304a6331773473643376687375506956794f6e63347561786f7537757461426a647a724141654a58615863633748526652727176394f6e323542656c67494c78756b6b774c5975626437764162797538674b44314b3049326a6f3461636573426435393652324c7a3571626536777575647532354e644654577570524a5a6a67646b37782b71724f7357757259653748464b38324e35444649496d645842703276776739516f696d317561573766384131536d47316d33734a634f56693848784b7a653353593264725844514d6a75474e4135377a314b6c595056436f57694e66594853396a4e497a6c4d774f374967652b48597839626b637772354538466f4c546363526b566e576c757849394e5a7046746c4b5a536c5a744a44657349497833592f6f712f48576263726d7439534d6870504635416352304453332b6f38464936637178484539377656614c6e69346b326178764e7a694234716e61476e6c4c346d75325739347566736b6b7663346b6d3549466d334f514734433973354e74575439726b483572573579573246316741756a6a4978766d74524749367266737249515842667561515045676e354e2b4b7a74725363314a5a62747a397a2f7744617443676455597252794f34757435442f41437035643850484450384130454951744d684345494243454942434549494857756d326845345a37577866372b562b56783856554e49304c67313772454f5a6849772b376b4857354866396f466447726159534d63773442777a336735676a6f624a764a52646f474f65414a5769784e7267376e4e504668787735726c6c68757575504a716163727035537733336278307938564f7753687744686b55353070717473544e736251534f325137507333757673746478627457462b66484f4b68612b4756304c786a74624a47654f346a69446835686374574f3357523957513970432b4d2b31674f54686933346933516c636b30426f4c73744c306f634c5247516c74397a6d687845663367344377364c727a3479356a3274396131323862744e77715270682b32646f7447306657497964774e747857706b6c7864647035553642584f4e56646248414e6a716a59456c724a7a367073624e5a4b665a63634c4f794f2b787a3644444974537332614a58576342634b6f615a31596f5a695365342f66736e5a766a6a657846384664587344685970685071394737453766395a2f4e544b572b4f76487966503763523137724a3947314e4f614e345a46326477477459574f65486e62447869485962476646572f553330737756477a44574274504e6b484443422f6966345a3548446e755669316d31457036754230524a612f4e7238435775334665644e4c364a6b707044464f30744f6258624c67484e334f41494273664d4c65456d553158506c7a74792b6e715761564d70483358434e574e6461796861317276727162437a484f395562757a646d3370596a6b72785661786d72594f7a75326e6475754e75516277363371742b794d39357a43355a34584672444b55363037704c3651384e596277786d344f36522b4932687859415342784a4a334e4b31614d6a2b746a367247474e53656959514a41343773755a4f4148782b437a4671626e474143317874783843746b6d4a576c722f724e6b626d6b6e78494148784b31616b78624c4b525a53336964376b625335783936567747483452736a773572445264435a58374f5452693438754855713079556a64687362525a6c323348494861506e61336972686a76746e6b79313078305254396e4378707a7463395469666e627754784346364a4e523537643049516845434549514345495143454951434549516136694672326c6a6864707750366a6e76565931763064395a44554e39356a482f77425863642b586b72577456524148744c585a47336d43434435674b5a5463617879315664316c707579634a326a75453266623253636e64446b65665655485757684c6672514f343858424871334c6e6a3437424e75646c312b737032794d66473746726751664866314766676d306d69496e51436e6533616a32417a67634e344f34337836724634393176486b363763756d304f57533145477a646d30484e4672677879527363427a46396f6543783054702b5369505a7644704b6347327a6e4a435073583964673930346a63636d7178306b384c717965474f587454545255384d6a72596837544e676478634737494a472b2f43774e4e36764e6d4f303375757469625a384679754e6c756e5847797a744f364d3076484b77535250613968794950444d486544794f49556b2b74466c7879706f353657556c6a6e527963573474654e3230303450485845626945362f3773724c57324943666576494231324d664c61552f49332b4f56306970726d67456b6741596b6b324148456b354c6c3276326d4b61716149325269556a2b6152614d5965776657656559734d38546b6d4e64504c4f627a79462b384e747378742b367759654c726e6d6d7270344266626c595078416e79436b7933656979534b445054374570696436703958415a6b5742553171507044596b64547679646374767563505748694d66424e74614a59704330784f44694c3435644d374b4c644f57765a4930326b615775765945625462472f416934794b39556e316a323831767a6c754f347a614d664648452b54417937526133326730624e6e4868652b584a4f64463035763268486462674439713258674438516c316331676930792b4f516b4d4d4d5465326832752b58334f31326252636c684e75384d6752765672704e5833454e446a734d47546333596d354a33416d36345843373664706e4e646f4765594d467a344469654330364c6a636275497535357735384c654a2b536c4b76516e6156585a59694f4e6d30353332584678623150732f6855396f6a52495934794f7a7832516258614f4a746865323763704f4f32726553534865693649524d41396f3475505068304365495176544a7035626439684345496751684341516843415168434151684341516843415168434151684e362b746a686a664c4d3972496d43376e4f4e67422b3979447a6537543874447053756b68414f315656445878754e6d7974457a7942663258692b423537385630625176704e30664d414a4a44547948325a576b4e384a473361527a4e6c78585331514a355a35762f41437979536762774a486259422f712b61695a70484e4f65474742784747576535533479747932505446632b6c7134374d6d69667661356b6a485750675653716e52726d4f49506e7858475750427a593377754e3939785467796d33745734626276312f646c7979345a5854486c736444316b63316b4c6d37514433324148494546784934577738624b68736e6665323148687649746c78754c70692b557475305944667a5048393854785731382b3359355341577675642b682b61363865487a474d3876716e723254635765482f786158766b48724565625530376432342b48364c5339354f61364f656b31716c7071616c7271656548475272774e6d3967384f4f7935685041676b58335a376c36333066574d6d6a5a4b77393134754f49334670473467334247346772786547756273767846385775784679446d3038516543373336424e4d532f5233777a754a592b5352384c6e45334a4144706d334f6479584f2f44497331644f73736941633577474c725850515748373572596f725275736c46554f4c594b75435277396c6b7a484f3867626b63314b71494549516745495167454951674549516745495167454954657672596f5933537a534e6a6a6269353733427252346c41345345726b4f7450707a676a4a5a51776d5a772f6d79585a466669316e725048585a584b645a2f53427043754262504f52456635555932492f454446333469555854756d7448706330665350374e6d31557648726469576c6a4f4e35436245386866775671315a316b7071366e46525476757a4a774f446f33444e6b67396b6a794f59754635446f686d6e464247433537546133416c3279625a643174726e504d716a306a7256365536476c326f346e6653716a4730634a75304837636775316f766e61354842635431753170724e4a4f3270332f564e506367694e6f6d5959467a6a673532654a4a4f4277436a6d774d4174733335577333416e32526e6837784b617a564c74734e7433664c44674f434443467849646357733677463767414e4141343557544f74617435666a6665536645594e2b6253746459635042464d597a696e615a72615a63454345456e6d6c417668762b61314232385a72614a4c35357177617968624a42657a68767a367275656f4f67744551614b70367253634d41664958642b55456c776335356a46736233594c355a4a52524b615371307979686f4b656e6248485273732b51456c754941644b3832477a665a4a4452636b6b3537724e72746f356b54614452464d5348504932694c62516a41634876634237784d6a6a3931775667307836567147474d5575683662747054647362493448527767376947414230683541432f4662745464537032506b7239494862723578367542454c534233634d4e7131686867414c4465735659347456554259353062323266473474493445627879336a6b516e44645961396f44573131553167774452557967446b4f3967466476536c6f4978752b6c78747662757a41634236736e686b655675436f4241634e70717375347a5a7049552b744f6b57454f466656584847706b63504a7849506b72687137365961324568745731745448766341324f594469433062447263434266697565784d756c66465a556571395864505539624332656d65484d4f4247546d4f7343575062374c68635963776369464a727978715672644c6f3270375a674c6f6e32624e483737426b527765323549504d6a497230376f32766a6e696a6e68634852534e446d4f47384835486352754b6764495168454345495143454951614b36726a686a664c4b344e6a6a61584f6363673043354b3874656b44586566536b35784c615a6a6a324d573444495066624e35472f6465773539472f314436794673634f6a32484754363257783968707445303869344f642b427134396f366e5655336a6f5356706d7069307178694f79625638514c5530625231457a4170764137456b6355357959354e6d5a4242497761514977634c6850544c45593375467738326133504d32756564734d4f61686d745470754779506447312b4c326352666638412b71446655364e5a66754f4747474673625a6e6e6a765447716f335a58756c444c49444475515237326b4778574b6c70615461413472542f414e4e5046464d6f6f693432436552514d42377876386b346970793047793039676436496355544b63534e32376d4d7547303349572b6472353872726f4f697078705776706f6e737651556c3350613634613978466732334f7a51427744754b35763249567a3144302b4969495859574e326e3372376966652b597373332b7452364930486f536b7078656d70345972356d4f4e725365704175664650717075474766486830554a717a704d50614d627177536934535863504b704f6d715a7267357041494e77516369446d43764f2b6e4b4d3064564a442f4c76646e33446c35596a77587066544542475974646348394c6c4c61574b53325963776e70596a3575557839576f46746a336d354c6138594b436f717773504a54544a5134584258526847316136392f7037316b4e357448766463414761472b3745435667355974634239356366724d4469704455725450304f76706169396d736b41662f7875376b6e3972696f5058694567537149454951672f2f396b3d, 1);
INSERT INTO `users` (`id`, `name`, `email`, `email_verified_at`, `password`, `remember_token`, `created_at`, `updated_at`, `phone`, `image`, `active`) VALUES
(3, 'Ebtisam', 'ebtisam3@gmail.com', NULL, '$2y$10$bRaGX0.4NkuZNHduLC3imemLLtF9PEg8NC1rpB02PNKAlvh62vFRm', NULL, '2019-04-28 05:30:47', '2019-04-28 05:30:47', '01041515133', 0x2f396a2f34414151536b5a4a5267414241514141415141424141442f3277434541416b4742784d5345684d5445784d5646685556474267564678675846526359465259594678555746785556465255594853676747426f6c48525556495445684a536b724c6934754678387a4f444d744e7967744c69734243676f4b4467304f477841514769306c494349744c5338744c5330744c5330744c7930744c5330744c5330744c5330744c5330744b7930744c5330744c5330744c5330744c5330744c5330744c5330744c5330744c662f4141424549414f454134514d4249674143455145444551482f784141634141414341674d424151414141414141414141414141414542514d474141494841516a2f7841412f45414142417749464167514542414d47425155414141414241414952417751464569457851515a5245794a6863544b426b6145487363485246434e43556d4a79307548774a454e546770497a73734c6938662f454142734241414944415145424141414141414141414141414141494441515146414159482f3851414d42454141674942424145444177454941774541414141414141454345514d454569457851524d69555155795952516a516e47426b634852384b47783452582f3267414d41774541416845444551412f414a6d56444f36595557536757417a736d396b732f446c334f687338653145396f7768535676684b6e706852337a4a6249576a474e4b30416d525756556e5254334a516d466a564758346858586a54706e454e725667787756465861366d2f4d33596e56514f656d4672554478423356624a4775556365596e5730617447564351674d617175446d68535731535557474e6f6c734f43696346734374584a3752424735524f577a696f3375536d755344516c62554b78613447566f566a5170704434726761346a513856676333634950413245457550436e73726a4a37464733647435535744644966743970462b425a55725a6e457243676d6b744d464674644b636c534679493368654d577a316f314d694d6a7967326a536c456933674b4b7971516d724741706f706934306a434666544a56674e746f6c6433547979686f354d7a434c6a4d5377384b444671446d756e686559586f4850546d31714e724e4c586271716e746b776d4e70574976774232574b4e7941746e4d7777497569514576414b6c6177724e6848612b413553735a74724b65334f62796c4b6d4e4b62326c41376861474358746159736762527950527437546c737153376f45695932524674626d6f324661684e4f466b5364434f787778395a784452747964676d396e307455615a4c322f64575378746d3032674e2b667633556f64437279794e6737697459683038584455412b79517573485533515151756a454b4b74516255454f4571495432736d3330555573555477725663344930416c7559376e4c704a3941536b5633597641446e4d4c5a344a42493943526f7243794b5232376d685a554346716c477659686137464437446a3251744b495931514d436e446b64443279576b4a6342366f2b35784877334276484b4173544c2f5a4133754955323132654934414677416e6b396c586b743067597178376457626172637a64436b2f6d707579754873746678417652537450464f634d4432794b656866426b4e7a445a73784a374a583056314a5576366457706374415a546347736a636779534a50493055346c4a38457878756270646a7432716a4254757462554b65554f4a41654157796477554864324561736b2b6e4d63523356694d58566a6c70357058524453636e46685834535272434e78434c6f50684769746b564d74644a7368415978624449347154447271643174696f4c326b4e35532b7043764967733235614d393050527538686b464f71574375645444535937725370303477446449334b6d4d7446692f694636766634634c4572673435696137515564624f42537972626170685a74685a754b557235446b6c51646b435a574474494357353062686c6257466469784932704e7a4349544f316f426a514146445a4457564f32476b743736706959696375543263726f4f78325572547839454b585a745036676f367452785a6d614e522f73715248724a66372f41464457564e534f51765046455a7671684b74594e4c58365164436f6d316834755566432f58374c71426c715648692f502f66517944703255643162436f7a4b372f5a5557494f4c575132666c757462437334675a7443564e55724c4c6c74644d716d4c57666776793848554942314b56656351746d31574545543237364b72747438704b6957566f646a6534564331505a657673616e41546b754932436c665679415a75646b65504c4f627049737778756270436e44384d63325339774572775950625a3356694d376d694e54496233796a677165583170384d373661374164777454684a59317258457459504d544f726a366c5859346f7866505a713439506a6877337961333168527173615836663251544967385a546f56714d4a5a546f696e545a5462724f6d6d35314f55626f476b343136325a326a573643446f5556625854335658474234644f6466524e3950344c6230376a796e7975662f4357354271566d756577356162413172593039796a625773306e34593966626843576549417466556336524d44394554517559707463376b6f717055424f4d7132746463424c6e67794333356f657262435a4733354c5a7a77365767775272386c446231504e6c4a2b4961424b7959376936374b6d5441707866795343746c32525676637664734542557168703143386f346c446741736d552f6c6d5652593662486b6272573459514a4a515838525549304b38633178486d4b4c63436b5038793955634c46423342516854436b593049554d71646c4931722b79704c492f676e61455a564e61364f424345682f5a5457376e534e44756957586b4678704633737835423349554e5638744a6a554b5672595933585542523158672b6b6858455a6d643855614f726b5a58482b6f52736f71645a7a485a6548456e56524f724f4c584e61506735513978584a444b6b786c34504d3646645a6e7a79744e55332f76595456486968314e32384b4e7a546b6154426377775072434572586a6d31416441447a362b69476665447a676e51753770637330554c74797668742f3751326456654b7a477943434d32764252763851645351504b654f7953317351626e5965476a55796937473559633770306433524c4e4754717838636b30366266666e2b482b52754b6952596c51793143527364663354646a704866597064695477365052644f714e4c426c39792f4a4131326d7953583933346f67474d7a736e747272434d7636325675354233456339676b704a59344f30686d33647a334661476a7831446365723047436f376e3264427761785a5470426f314d4145392b456936392f6c322b5941756b6875586e57646c4e52366e5930736139707a6b4363756f48756b574e59714c757454412f394f6d53547276376f6365504a366c73723658545a33714e3831777562464f4557394f6852653938736534614237706a354c3344612b57336566687a7a42344d38516f61376857726b45537766534635564966556254593065473369646a367251697150524f4f37377533792f3847397a574e4f3161334b446e4f6f413131355574792b573061514261427276744843563374517572736238495a707073557770584166586335332f4143327876704b35506b6d574f6c64664c2f71463274356d66574965434d6f62487274756d644d42786277576b6265327953576767487951616a774248715a6c4d384b4a7a31444d6a4e74794f463075696e6e676c6252635832564a343141514e6642517a7a4d452b69786c77516a626539344b78326b7a79636b3078577935634e4d7346625065346a564d377169484352756b74544d444253354b6a6b79795373586978425a496e466f333057667759515672643574566c376967594e314f78456267743171304c526a4768773233565a723438584853555267743458315741392b5632314179626f766c516741494f73343552413161555857634a6842563343444f6a53434a3955566d54714744563733776a4a50783743456e764c34536335687639505a623339646f486d6d47364431565a76364972786e31445353336637716a6d7a553971466150537a314d75667451546333726e774737413646526677726e626b724d4e74324e486b32393036743268496a6a33506b39526a302b5046476f6f55766f7541314d4144767768364855494244504e457743576b4e2b717444366259383052366f4b346254664945616152374a6e6f4a637866494539506a794b7052444c5846345959634a537334706d727445376b7a38396c58622b343846344f3447342b65366a784f3579757031516551543955705a704e70534d35614c304d36692b6e3050627a454d376f4777647165304c57745647646b416e5131503045704a5933592b4b6463783039396c4e57722b64704a307977514e356e5a6571785a497878706e30444870306b6b766a2b7755793564346457715435694941374473674c6137384f6a6d4c496337516e30555174586b506132594a6b667370546862334e4458636571544c5777767677502f5a523462585a7061586b4d6455324a326c54346158674f715041453636632b714375724b6f43504c3541743631587935514344776d59745247584e3944476f79587438684f484176632b6f58416a6a5455425255715a384f7153524c694e5670547265475773446f6366764b595968514d55774e795a39506d72456161496c375a66682f3243734e4d7670416b7978755939765a4d384d306d6443346b6e313832695430775750714865414248763254697a31694f476778376e5a484a634766715677787961344768556a5864696c5630645376624f73365934586e58503374486c3534317950614e63685a655573346b4964686c45557169636e614b7a5644584956696e574b4e7149746c5178436c3456504d456f5a57612f556b4b315661517255737664564b76307739704d4852484f31796749383845347030765437497a44485532314751524d2b69546e416e3979706254426e746578302f4351666f6c62333842796a614f684f476f5362484b6f614d75386d544363755070367971646a6477475a6a6d494a3043566e6e7469597570546451586b5833747a6e4f55453552764b712f56562f55704e38684451426d4c753063527a4b65556d6d4e65556c366d777431616d3444735248354b746f3452795a5065626d7836664255467a77567a6f3371476f626c6a4b706b506b4458535471463165324d726a6e534f46334472696e6e626c5a516e694a4a4f33727575323456615345326550333069336a6e374c596836734a4e45747a46764a796d43524730726d5053325056615679334d35357031435765596b695a45454537782b71362f774252596649495049584c4b48533152743048463338706a733445383967465a396b635850596865704c4e7830575047395a517a4b6f71555735754e534933395439455869496b4b4c7032324e514d706838435449492f706b3872476633466a36705339503541376b6d6a556530786f6672496b47505a4f6342746856594b6a6f313131566476323148557a6e6b314c643772616f6652704a704f2b62534662656b4b444b6c6f3172784c655277594f78563663706352733335367479306b5a782f67783161556d4f486b4c534f3753442b536d4e716b316a5574473342625479306e74676555786d31677463326465465a7a43686f78336b624664533248594a54694461414d4f657872765677425668755779434a6a5466737178567032564a32567a47754c706c7a764d63774942424a39314557302b42734d306f3870692b357736485a357a4e3348703831746158726734756366356645384b7832396c54445035594755366763664a49735773434e7668354864583950724e6a7152746162574c4c374a6864476f63706449387a674a35684573726c726e766d514d72536c4e7064533568476a47376950524d725a674c4348454176643959374c646a4a53566f5a6c6858593571444d5a484b6b4a4442727569714645426749374244767343347956675a59314e3065547974656f7a7979754e645579486443303850415262526f6f6a5a586e586765356c693868656f785a553647495a646b30744d545937346c556d5653694b56516f466c5a4c786f756f6254634e49556272416267717557395677324a52394845486a6c4836694263474f72732b5438317a2f414b6f754234744e73676a4d4e76626c586d6c564e526830392f566333367447723441613652723762666b714f7335695a4f6f6e36655a53666766573968495237634b6168656d63555a58705330676c766c634f7845492b72636b624b63636f77696a304d66326b553044314d4f59335647576c77476142413346596b494932784a7a4e714f624f34334879423258537a63384434596c56535931784373312b697274315a6136492b337473704a4a4a4a3563663034573977357251584f494147354a6766564c6e6b636b4d68465166744b7864326a7636524a3448645776416345464e67635244694e7577535559677a777864557a6e59484e614930426c3459585432457179314c6f72745069563770464856586b7933384657754d4e6133464b6c4e342f6c33647548656871556941666e6c64396b56684e682f44357158414a4c665937667167657336376d314c4b7544475334444366377452706152396371654d615856516653506f565a7955366f6470386b6b6e432b446c66562b484f62632b48534144793539544f5842726a486d2b4d2f4e644b3649766a6357644a35486d414c4852744c54437a71336f515837473558696e556273374c4949354467724a30703034797a74325541374e6c6b6c78307a456d53667572576f327a7072344b756e557364702f4970766e514344794e69754a395155586d6f4b6379397a33414575674e414f6a51546f4f306e73752f596a5a68786751714831582b4737376b35715477777a4d45534a4f354549644c4345564f2b32754139553579326265723549507779784f70566f507031444a6f7579412b6b6143655956757257656268526448644769796f696e6d7a4f4a7a50644553342b6e5a5774746f4956643437624c634d7578493562696467366d376e495472484361324e567267304e48742b71392f454f2b6262746177455a3668496a6b4e4735515052464c4f344141774e63337a3141567a5135334675456a30655049386d6c39536667764e4977414f775872716938717667776f79346c4c6d30355765516e4c644a736b4e597153687168673146573764464341592b5869396c5969424f614e47714b6f6861746f77694b5446555136695a68573748727742624e436b345a596458414a424f34685637716e445a4c69346a4c414939306536746c556f76327638414b2f5562547967797833786f7a74627050565672744845386276716c6e56703162616f574f2f712f73753948413770705a2f697738434b3943534e7977785072425176347434556164616b475361626d46302f3373782f53465472484448314151494c67334d476b6746774738547945574c4475787053525a304b79593853692b7a71566c2b4a6c73383674714e2f375a2f496f79342f456979594a42653439673358376c6330365a77707233505069686c526e3942624d74354d4465505247596c68394635796761754574714363704d375a6f2f4e4b6c43455a37655451575674666b5a34782b4b745630693370686e3935336d503032565275756f626d35642f4e717566504577506f4e454e6957464f7051524c6d6d645150727368323053775a7a4137436454387541724d595172326966566d70717a7076534f4d4e71574e785a3559657870714e4d2f464244766b5a43364862596931394f6d2b666961302f55426361364150384178496364737267662b34517262683979356a585553646154693066345a6c7632537053704d733573647a54586b6264655841645a31534e325a616739433177494b7332443349714e4468726f4866496a56633136697579626573436432464d734478353172537a675a694b59676345774e304b6e613541574b57366b64547033576d363866695169435956497754484b7a3764745a3751533446304148314d4262566572626472777975437a4e73534a6238794e6c30705451364f4f4c5a5a7a6351515a54455865697239733667526d592b6d52334467684d5336757336476c53734a48445158483749497a6b75694d696775793457397a4a55654f34355374614c71745136445963754f7741484f36357066666957492f3461693530374f666f30657362705055766139796646716c6c596b5a576a616d3264394364506b6e786e4a6f705331576d6a6b6a4754744e3052335271587477617a7a356e6e51634d62506c6146316e4262436e613051426f5931584e734a50685a3433796b434e59634f51726a68562b3635746e42337873304d636a67706d4832723873395239596a4a61644c463969722f6b7341724e667367377157716c30636164546445374b773250554e4f706f346955536e665a355a7761433258757964305235556f6f3272584f4468736e5a30616a5144477978654c464e676c4b4c5170474e68446c2b716d4652566878354d724b6868624e617458714753413171736d453277484350464f5a337744376e73684c657a7a754147354d4b327563326a54444738442f41475630556c376d513766434b6c2b4b4f425537693149445158302f4f4f356a646f37614c67727251356d6a79747a764457764c74424f6d7034695639473364544e4d386a335653706448552f43714f71577a584e4c73786d5a4d38746a346536426172756b4f55556f38396c59734d5070326c4d73712b44346c4d754a71744f70447451536477673732755158484d534151345a4777636830687a4e6e44314361596e5263486c6f704e3845416a587a565761614858567a6630514f47573369564b46495641366e55424574624451427134736475332f41416e75716b50326b723873572b4375754754536c356d3570676b4851373548657337464938547776557570366747434f5156394555384873324d62533042646f42416a304c7633584b2b724d4f46726450617a49304f38307a706f59493976565870516e6956683458444b39736858307851384a6d70387831397577566d4e75486b3141594d427239644a2f70635567744874635442677a7372446854344d4f456769434f3450436f2b71392f506b314a59314b464c78305666483668795a4f587544423964565a4d416f5a693445614273656e5a4c385236616579754850655044416d6d50366f504a3951724c307331766a4d5964476e543339302f6448636f6f707145396b702f4137776967477344594944523234485a567a712f44615438766e42384e774654534442476e32492b6975665658554e4f6a6e704d704f6c6d555a6f30672f32567a6d7463757544554c69337a456738664359623831656e46626554487a6132576e392f774173746d45574e4c49316f7074614841364536774f32565537724442616c4e3471504c434847477732494132424231566d36507569423464514f6b364467514f7843656454345034394f4730324f655244533477576a7548446463385363654257664c362b4f307a6a3747416d5a4d375278394f796457564d74416e4c492b426f4536386c3062614943367469772b4747674f446f4d366c78485939765a545572666541357048334a3349437272686d4a6b62593370427a327563412f4f637a33686f686f593351614b2f7744536d46766f3051366f30673151434a3448415072796c50536c6c384c334f6b41526c3033354c752f73756a30434b6a4d702b58703254494e4f52375446726455394448446c582b6138484565744c51306135492b46327633537644672b6f38426b7a6f756b3962344161344141387750367150702f703174415352716963585a58556c51327747334c474e446a4a54647a6b4e53454b44457235744a686354736a466c705869452f696833587134677035624a556a324b656c624c48306945674d3061375261766369716443567653737337674f3636696244656e37624b313156334f6a66314b6a76626953536a622b7147744447364143456f464d764d4435716c726374566a69456e736a75595a5a74443245446552722b695956504a54496d4e46375a3051787344684b385a726c4862785971386d66504f303978534d62713032764d754a4d7a7142396b6b74334d7033464b6f777459424f6268704a42456a7351595479384448456b7442494f3551315442477647594169647877566e59636a684b3132687131696c784e63444c483374653352304f4c51306a666363516d6d456447304b56426c53344f5a7845416c6f4a44547147367975595874752b67374b532f516877494a344949472b79366b7a485756375a684c34674e4939346a68656977616c6168552b423038507070536737544f666464644f436857616163426c51694133624e77514f4a3763516d746a676451305775634179714e42714331336149324b38384a746575796d38764d45764261534949326158624137364b3555364c5149386f69435a314a2f78447636704d3950467a66775749366d55594b757a6c31656f2f4f37784a7a41775a3357707845303374653364706c586a71484336626e4e4c324f506d67754734456153663750717148314658704f6646484c6b473062626d56566542776c5a7236664e445042782f4261385378696c644d4c2f4d495941576e594f6163303762717055485a5363777a526d496b5a6377647642397a396b36364174473346555533487974414d62676d59353558554c33424b626e426c536978314567434342422f7742566f4f536c486b386a71644e504b334754716d63357769365930356a6d47566f39524232507156634c587153675234626e7461346753313877572f3359344b35686a7456316c635671544847576b476d6669626b4a387339744e4437494f35766a576348504945414141434d7364765241395173616f746651766f576f797a653769412f366970557174775262413541493045444e79525043623257424672636f4a7a5a637863645865306f486f557465393263795737646a72764b364c566f74334134374b376878593274337962662f414d7a5461504a7847333873704e6f3931423275302f5875727a68463648414f42304b6f50554e51654a44546f457936557669446b4f334352714e502b394877612b7130767134466b3830644476715165305035476853696f344a7268745351576e6c552f71444668516539684f72542f7744695770707873386f34564b686864337a61594a4a32584f656f38634e636c72543552393050696d4c564b78496b35666441436755747a4752786e62595871397972464e676255524d706e6861696e4a31557764726f706e416151754149494152316f304e61582f525230715963645637694653477877464465324c5a4b567356586c784a4b4977716c755576704758465062427342592b6e587135584e6974565033624554314851493946586362715131574335644256613667643553465a314c39724d2b5a55366a5a4f36734f433067576579727a777246302b526c5766702f7535416971412b6f73455a55626d49314778425033564e773342737a7a54385a314d626767376d646c314374527a4e31484370574d57424479534e4f495671647771534c2b445553787870644433434d453846725775646d4a6e7a4e42414d6a2f6d4476367070535a345934674e504d6d42325049566677484558303948456c7633482b6962346e66686c4f575a517a4b357a6e416a4e53482f554454385142334330394e6e686b6a774e33626e5a53667849366c625370755931377855646c64534932414c54356d7535596451516556795777784a7a44424d744a312f644859396a395376586336715775416c6e6c4756706143596330634537704734665468506b6c4c686a595a5a59354b55546f50534f4c6d68585a5662356d79435274492f6464517266697862654871787766746c797a74396c7758706d344971746277667372706a474779334f306538666d6c564f4557317a5275594e4a6931306655664441735678622b4a7548566f414c6f67486743596b6254716f58317954727278734149374a66345755796936516e6166543356476372642f4a364453342f546a7371714c42306c5844617831334767396a71757734633875614a35584a656d756d366c6161674f567a485141644d7847726d2b68686446774b346531766e3067725a30546c36564e475a3954325a47396a5672737276565747466c556b44796e5661594d3074494b76654a577a617a565861466d47754c566368586b6e4272642b445a4c74466f7771704d46566e722f706c3161714c6c68304c5131343745624832566c73526c41434f4e58796b6279496a33575534704e782f4a3533503937614f517477694f46352f416d446f756776777630554a776e54594a616742366a6f642b4756694f3842596a3269747774444d7730556c4d6753764b6e6f766162524f716b45326f744f363172306e6b6873534e645556525a714143737275484b566c566f56504b34506772744b6b5134796e396d32424b58584942496a684e4b5077685539506a555a4d7253794f6332794335506d534448786f72445845754b523431544f56526e5874597152564d7161594a56687762366f4237643946726131793137534f36796f5332795244584263797949486f6c654d57557454576c4f56702b76704b793770534673566351313056436851494d4b726669446844366c4d4f706c325a674f6a536451596c706a6864452f68495131356243437130453862744473636d664e565668424d6a2f526179596864443679365a4c33477054486d2b675066357170345a684e51314d726d47496b7a322f64616d50504763624c3250444c4a4a4a65527030745a434d3547733665336f7567327a5a6242314561796b65473041494847333056686f7430437336573362666b3966697772446955455632353663714556584d615868684877366d4436637133644c3946557844716b6c7a584e634f494f6a68377450364b62414c7330716f356134775237374b3778416a763841374348394e4745724d33367072383850597546386e744f3244515961435163323047647672422b795756375573716b546f526d4835776e724877304873506e6f712f314a6542744a355959645250504f6143493769435172554a557a4630756f724a546666427661587731423051564d7a564b44772f455256614a3349695530744b41447043735879626a697364325062646d337370616a66736f37516f334b71575743585269352b774f5064654276756a506d746d746e6c496f723254783772467376564e41324a32315159433279435a6e514c576b7a6e38776f3254726f37366149535136687353744b375a413772326d546b576d585966374343615a567952646d74533342416b4254445271786a4e494b3172456950564c345849756941743878506442596a546c70544e6a554c6662464b6e466257445254617a51435a51706471494779595857684f6b2b364641316b6a36614c466e4657533438466b7736715332505355634842775361787178454232695955586468452f56614f4766434f5370456a7163616e366430486555354551493552626a33576f70356a6c473532395954567a7767344a7438465a713459616a67316f6b6b364c59594b7773713073737642427a4430477973467462757a5a71596c7a65547369734d702b43397a716b667a4e536542364a7548544b484c4e50446b6c6a355279717261466a694f785239715432566f7858436d50655333527863596a6b4859726130774d44516b6833496a376861474b536962362b6f776346665a56584e635479434663634b784b61506e6a4f774866535947685174316872415347456b376c7847772f732b3652586a66456255615161626d6e51754d61384e6e6d5955354d794b65766e2b6f774e343162584b4774353161334a465034744436744d366a314771537475583176456c77632f68703038376451505452623258547a2f4463374b53374b667a6e547576625843716d63467a596e7a484e704c67496b7063702b576650636e36764a4f747276775434665946684d4f42476b64784f3450702b79737469374c414c5a2b613170576e6c386f6b754139492f644d624b7a64486d4943743473716354322b6a315765656d58367056494b7354716a594f36387437534f5a574e716136362b6b4a5757535a57797a556e77597a58654671746378314f33704771397a45694950766f6b6967374b56693268657267524c557a46735a6675743765637345516761312b77784659443257677561637a3436456b645759445a47306e543257723665764b556972542f36352b7638416f6d6444464b664c6d6b2b364e535655774767716a5349334368664a64484155394c454b52487867664e615662716e424965447a4133586255447451506556445370767148554e45776857566646704e71416150452b3072326a6975642b5239467759375353576c767a456f69367130364e4d4e70737a44594e5a426a31314f794234314a2f674f57464a553179562b74686a334535524b447159633970676857553568717761486a53554e567031435a4c66792f64555a364344594f79497573364c67646b57327132594a47756d2b73396c4c53705050394a487648376f6170683368427a7853633578423042424a6b39353032527730696a354368686733795331616a4741467a773265584742703671502b4c707359304771783054427a416b7a72416a64556e47634876726c2b6439422f6f3257773065676c414e365976476b46747538527471333930794c7038524e6a48394e78624f6371762b5230326869624b59497a48585577326675744b6d4a5536766c4a644235674141685578324758773162516353373467584e6765777a4b476c302f644763397538646f655038414d7565575877565051696e5734755432736e796b3567644353494b6a766355615963664b5769435a3030564e71594c6651514c626d6453442f77444a52334745583561576d3364426a51467344336c794b4d3338447357434d704a4f53472b50566e3161502f444f7a4f615a4f55362f4c75564a687441336473475677357456706b4f63496d4e413549734f774f396f767a4e6f75423932782f376b64697273544e4d4e464569547157354a6a743853636e355a7079676f4a51787a6a336164386c35776931444b625746774c6d6a55384a526158626274745a72644d727947487542454564784f6953394d587439544a62587436705a334a5a4d2f2b584b6376753678614254747a546e545573386f334d41486c46536d55466a7163755533666471687668567135724964426345336141494d4a46684271414f4e5233476b6b536d5437674153484e6e69536d4f4b6969707156376e79686b7837527a39547368726d6f504d325249312b4b506b6c746137476b6c6b6e51376b4b4a2b494e304a633358733331684c63724b32305a6b5272413979365636397a4a3049313930426159677a6d734937455174616d4c557a726e6a304248374b4469777746366f2f4748663768654b51536c302f30483572582f414f367859685a434a782f6c2f4a62732f517246696848453765666476354c6475337950357246695963757a6476362f6f7057374432574c454b36476676667943715779394b785970665173324b39622b7978596f58524d66755273467373574b56304d665a6f734b39574951504a6f566f355973552b513132524f5556543931697847524c77446e396c4537392f79574c4574646b66756d44622f414d56452f77447a666d765669624c6f6952476638716a4f3379642b6178596c6f464733395139782b5346667366592f6d73574b535333724669786363662f5a, 1);

--
-- Indexes for dumped tables
--

--
-- Indexes for table `favorites`
--
ALTER TABLE `favorites`
  ADD PRIMARY KEY (`id`),
  ADD KEY `favorites_user_id_foreign` (`user_id`),
  ADD KEY `favorites_product_id_foreign` (`product_id`);

--
-- Indexes for table `migrations`
--
ALTER TABLE `migrations`
  ADD PRIMARY KEY (`id`);

--
-- Indexes for table `oauth_access_tokens`
--
ALTER TABLE `oauth_access_tokens`
  ADD PRIMARY KEY (`id`),
  ADD KEY `oauth_access_tokens_user_id_index` (`user_id`);

--
-- Indexes for table `oauth_auth_codes`
--
ALTER TABLE `oauth_auth_codes`
  ADD PRIMARY KEY (`id`);

--
-- Indexes for table `oauth_clients`
--
ALTER TABLE `oauth_clients`
  ADD PRIMARY KEY (`id`),
  ADD KEY `oauth_clients_user_id_index` (`user_id`);

--
-- Indexes for table `oauth_personal_access_clients`
--
ALTER TABLE `oauth_personal_access_clients`
  ADD PRIMARY KEY (`id`),
  ADD KEY `oauth_personal_access_clients_client_id_index` (`client_id`);

--
-- Indexes for table `oauth_refresh_tokens`
--
ALTER TABLE `oauth_refresh_tokens`
  ADD PRIMARY KEY (`id`),
  ADD KEY `oauth_refresh_tokens_access_token_id_index` (`access_token_id`);

--
-- Indexes for table `password_resets`
--
ALTER TABLE `password_resets`
  ADD KEY `password_resets_email_index` (`email`);

--
-- Indexes for table `products`
--
ALTER TABLE `products`
  ADD PRIMARY KEY (`id`),
  ADD KEY `products_user_id_foreign` (`user_id`);

--
-- Indexes for table `pro_images`
--
ALTER TABLE `pro_images`
  ADD PRIMARY KEY (`id`),
  ADD KEY `pro_images_product_id_foreign` (`product_id`);

--
-- Indexes for table `users`
--
ALTER TABLE `users`
  ADD PRIMARY KEY (`id`),
  ADD UNIQUE KEY `users_email_unique` (`email`);

--
-- AUTO_INCREMENT for dumped tables
--

--
-- AUTO_INCREMENT for table `favorites`
--
ALTER TABLE `favorites`
  MODIFY `id` bigint(20) UNSIGNED NOT NULL AUTO_INCREMENT, AUTO_INCREMENT=7;

--
-- AUTO_INCREMENT for table `migrations`
--
ALTER TABLE `migrations`
  MODIFY `id` int(10) UNSIGNED NOT NULL AUTO_INCREMENT, AUTO_INCREMENT=68;

--
-- AUTO_INCREMENT for table `oauth_clients`
--
ALTER TABLE `oauth_clients`
  MODIFY `id` int(10) UNSIGNED NOT NULL AUTO_INCREMENT, AUTO_INCREMENT=2;

--
-- AUTO_INCREMENT for table `oauth_personal_access_clients`
--
ALTER TABLE `oauth_personal_access_clients`
  MODIFY `id` int(10) UNSIGNED NOT NULL AUTO_INCREMENT, AUTO_INCREMENT=2;

--
-- AUTO_INCREMENT for table `products`
--
ALTER TABLE `products`
  MODIFY `id` bigint(20) UNSIGNED NOT NULL AUTO_INCREMENT, AUTO_INCREMENT=5;

--
-- AUTO_INCREMENT for table `pro_images`
--
ALTER TABLE `pro_images`
  MODIFY `id` bigint(20) UNSIGNED NOT NULL AUTO_INCREMENT, AUTO_INCREMENT=22;

--
-- AUTO_INCREMENT for table `users`
--
ALTER TABLE `users`
  MODIFY `id` bigint(20) UNSIGNED NOT NULL AUTO_INCREMENT, AUTO_INCREMENT=4;

--
-- Constraints for dumped tables
--

--
-- Constraints for table `favorites`
--
ALTER TABLE `favorites`
  ADD CONSTRAINT `favorites_product_id_foreign` FOREIGN KEY (`product_id`) REFERENCES `products` (`id`) ON DELETE CASCADE ON UPDATE CASCADE,
  ADD CONSTRAINT `favorites_user_id_foreign` FOREIGN KEY (`user_id`) REFERENCES `users` (`id`) ON DELETE CASCADE ON UPDATE CASCADE;

--
-- Constraints for table `products`
--
ALTER TABLE `products`
  ADD CONSTRAINT `products_user_id_foreign` FOREIGN KEY (`user_id`) REFERENCES `users` (`id`) ON DELETE CASCADE ON UPDATE CASCADE;

--
-- Constraints for table `pro_images`
--
ALTER TABLE `pro_images`
  ADD CONSTRAINT `pro_images_product_id_foreign` FOREIGN KEY (`product_id`) REFERENCES `products` (`id`) ON DELETE CASCADE ON UPDATE CASCADE;
COMMIT;

/*!40101 SET CHARACTER_SET_CLIENT=@OLD_CHARACTER_SET_CLIENT */;
/*!40101 SET CHARACTER_SET_RESULTS=@OLD_CHARACTER_SET_RESULTS */;
/*!40101 SET COLLATION_CONNECTION=@OLD_COLLATION_CONNECTION */;
